uid,local_model_dir,commit,commit_date,eval_date,params,accuracy,evaluate,pareto,reward,vali_evaluated,hf_account,flops,score,block,ext_idx,lr
122,/root/dev/NASChain/cache/models--luaqi--nas11386949/snapshots/8a53cf07e05f89b07042943872dc0ca185aa839e/model.pt,8a53cf07e05f89b07042943872dc0ca185aa839e,2024-10-27 14:46:05+00:00,2024-10-27 14:55:10,100000.0,93.0,True,False,False,True,luaqi/nas11386949,25000000.0,0.0,4135425.0,2147483647.0,0.104
28,/root/NASChain/cache/models--luuluumando--naschain/snapshots/9c4d1f93554c558c1b36d5dd92fd721745a8f340/model.pt,9c4d1f93554c558c1b36d5dd92fd721745a8f340,2024-06-29 10:24:47+00:00,2024-08-29 08:51:39,1000000.0,82.0,True,False,False,False,luuluumando/naschain,7000000.0,0.0,3283694.0,2147483647.0,0.025
32,/root/NASChain/cache/models--impossibleexchange--nas2/snapshots/5d910b98ad47c6676d015ec8c2f0bd1d6e0bf7d1/model.pt,5d910b98ad47c6676d015ec8c2f0bd1d6e0bf7d1,2024-08-03 17:10:14+00:00,2024-08-29 08:51:57,1000000.0,78.0,True,False,False,False,impossibleexchange/nas2,7000000.0,0.0,3527991.0,2147483647.0,0.025
43,/root/NASChain/cache/models--bazooka-gh--bazooka1v8/snapshots/5d7bc0cdd6df988fbb40cd6d330662096e27fcb9/model.pt,5d7bc0cdd6df988fbb40cd6d330662096e27fcb9,2024-08-15 23:54:07+00:00,2024-08-29 08:52:52,100000.0,87.0,True,False,False,True,bazooka-gh/bazooka1v8,8000000.0,0.0,3614675.0,2147483647.0,0.025
64,/root/NASChain/cache/models--impossibleexchange--nas6/snapshots/47297856e6a3891350fdf157341371ba4e43273f/model.pt,47297856e6a3891350fdf157341371ba4e43273f,2024-08-03 18:33:36+00:00,2024-08-29 08:55:30,1000000.0,83.0,True,False,False,False,impossibleexchange/nas6,7000000.0,0.0,3528405.0,2147483647.0,0.025
73,/root/NASChain/cache/models--RobertML--naschain/snapshots/70462cd21df12375443d9f1244f6e458fe774059/model.pt,70462cd21df12375443d9f1244f6e458fe774059,2024-07-12 21:50:24+00:00,2024-08-29 08:56:58,1000000.0,93.0,True,False,False,True,RobertML/naschain,310000000.0,0.0,3372765.0,2147483647.0,0.025
16,/root/.bittensor/subnets/NASChain/cache/models--papagruz4--naschain_5/snapshots/40e883ee308fcb18080d5aa156acf27c7c56617f/model.pt,40e883ee308fcb18080d5aa156acf27c7c56617f,2024-10-07 13:04:46+00:00,2024-10-07 13:28:31,30000.0,81.0,True,False,False,False,papagruz4/naschain_5,5000000.0,0.0,3991149.0,2147483647.0,0.025
7,/root/.bittensor/subnets/NASChain/cache/models--summertime0--nashk4/snapshots/b8332a41781701c71f342a5558fd3835580db348/model.pt,b8332a41781701c71f342a5558fd3835580db348,2024-10-01 15:07:26+00:00,2024-10-01 15:19:04,50000.0,83.0,True,False,False,False,summertime0/nashk4,3000000.0,0.0,3948570.0,2147483647.0,0.025
8,/root/NASChain/cache/models--hungkvbn--8hk2v3/snapshots/7ec4f868646b8f67cd6593ee340b3f975322dddb/model.pt,7ec4f868646b8f67cd6593ee340b3f975322dddb,2024-09-09 02:05:03+00:00,2024-09-09 02:06:09,90000.0,86.0,True,False,False,False,hungkvbn/8hk2v3,8000000.0,0.0,3786357.0,2147483647.0,0.025
47,/root/NASChain/cache/models--honghee3--naschain/snapshots/2fad2097419f5cbe8d88c980b1652d302831a2a9/model.pt,2fad2097419f5cbe8d88c980b1652d302831a2a9,2024-09-01 06:37:08+00:00,2024-09-01 10:05:42,60000.0,75.0,True,False,False,True,honghee3/naschain,2000000.0,0.0,3730541.0,2147483647.0,0.025
1,/root/.bittensor/subnets/NASChain/cache/models--papagruz8--naschain_5/snapshots/d0a58636d46ad9330dba590ef75c8eaa9e6a4cda/model.pt,d0a58636d46ad9330dba590ef75c8eaa9e6a4cda,2024-10-07 18:42:52+00:00,2024-10-07 18:53:02,40000.0,81.0,True,False,False,False,papagruz8/naschain_5,5000000.0,0.0,3992839.0,2147483647.0,0.025
23,/root/.bittensor/subnets/NASChain/cache/models--papagruz6--naschain_5/snapshots/93be2f192f7308395c5a48d25f98672fd1635795/model.pt,93be2f192f7308395c5a48d25f98672fd1635795,2024-10-07 18:41:44+00:00,2024-10-07 18:54:21,40000.0,81.0,True,False,False,False,papagruz6/naschain_5,5000000.0,0.0,3992834.0,2147483647.0,0.025
44,/root/dev/NASChain/cache/models--NASJesus--dylr94_4_61/snapshots/dfe176bb9f5933b78f5fdc7e7512a685f0dab3e0/model.pt,dfe176bb9f5933b78f5fdc7e7512a685f0dab3e0,2024-10-22 02:28:26+00:00,2024-10-22 03:27:20,400000.0,94.0,True,False,False,True,NASJesus/dylr94_4_61,61000000.0,0.0,4095818.0,2147483647.0,0.085
80,/root/dev/NASChain/cache/models--luaqi--nas46989979/snapshots/256a7e3273990e88fa0c7e6067841c5992a587ac/model.pt,ff0ef8b8e366e9c4f012208acb5a0cfc3a1e80b1,2024-10-31 13:05:20+00:00,2024-10-31 13:35:53,60000.0,92.0,True,False,False,True,luaqi/nas46989979,15000000.0,0.0,4163607.0,2147483647.0,0.096
42,/root/dev/NASChain/cache/models--aquafina001--real_nas60164050/snapshots/7aba513d0e5eaa138275e8554943a2b5bf7cf6fe/model.pt,7aba513d0e5eaa138275e8554943a2b5bf7cf6fe,2024-11-03 22:59:01+00:00,2024-11-03 23:13:55,20000.0,88.0,True,True,True,True,aquafina001/real_nas60164050,3000000.0,0.011862946010856537,4188115.0,2147483647.0,0.08
19,/root/dev/NASChain/cache/models--luaqi--nas46989979/snapshots/256a7e3273990e88fa0c7e6067841c5992a587ac/model.pt,256a7e3273990e88fa0c7e6067841c5992a587ac,2024-10-31 13:06:25+00:00,2024-10-31 13:28:14,60000.0,92.0,True,False,False,True,luaqi/nas46989979,15000000.0,0.0,4163613.0,2147483647.0,0.096
27,/root/dev/NASChain/cache/models--luaqi--nas52488053/snapshots/f3a88de8c6b9fc44d9eb2c6d4eaf6081430c3125/model.pt,f3a88de8c6b9fc44d9eb2c6d4eaf6081430c3125,2024-10-27 14:47:16+00:00,2024-10-27 16:03:07,60000.0,92.0,True,False,False,True,luaqi/nas52488053,27000000.0,0.0,4135431.0,2147483647.0,0.112
95,/root/dev/NASChain/cache/models--luaqi--nas25621543/snapshots/d0ec18714ea9b378030997b56fc6817d154b10c2/model.pt,ddb4901d12bc158df5fbca94a324f980b5fdc6bd,2024-10-31 22:45:25+00:00,2024-10-31 23:15:04,100000.0,93.0,True,False,False,True,luaqi/nas25621543,17000000.0,0.0,4166508.0,2147483647.0,0.112
55,/root/.bittensor/subnets/NASChain/cache/models--snickers4--naschain_5/snapshots/04e66912afaae2c1018b147b16ae49094cb4a729/model.pt,04e66912afaae2c1018b147b16ae49094cb4a729,2024-10-07 23:50:55+00:00,2024-10-07 23:54:46,30000.0,86.0,True,False,False,True,snickers4/naschain_5,5000000.0,0.0,3994374.0,2147483647.0,0.025
108,/root/.bittensor/subnets/NASChain/cache/models--geordion3--naschain/snapshots/2b7f32427eb1022c8fcd67d06a2cc24fe783eae9/model.pt,2b7f32427eb1022c8fcd67d06a2cc24fe783eae9,2024-07-01 01:34:24+00:00,2024-09-29 19:17:47,20000.0,0.0,True,False,False,False,geordion3/naschain,300000.0,0.0,3295395.0,2147483647.0,0.025
89,/root/dev/NASChain/cache/models--luaqi--nas25621543/snapshots/d0ec18714ea9b378030997b56fc6817d154b10c2/model.pt,d0ec18714ea9b378030997b56fc6817d154b10c2,2024-10-31 22:46:13+00:00,2024-10-31 23:14:07,100000.0,93.0,True,False,False,True,luaqi/nas25621543,17000000.0,0.0,4166512.0,2147483647.0,0.112
2,/root/dev/NASChain/cache/models--mimir4--hope6/snapshots/7cfdcaee5227b4f261dc716850e6fd4417d0cf99/model.pt,7cfdcaee5227b4f261dc716850e6fd4417d0cf99,2024-10-27 17:47:24+00:00,2024-10-27 21:46:32,20000.0,86.0,True,False,False,False,mimir4/hope6,3000000.0,0.0,4136332.0,2147483647.0,0.165
30,/root/dev/NASChain/cache/models--luaqi--nas13130261/snapshots/fe4880c5707b65727f1bc6dacb27243183decacd/model.pt,fe4880c5707b65727f1bc6dacb27243183decacd,2024-10-31 17:36:02+00:00,2024-10-31 18:44:15,40000.0,90.0,True,False,False,True,luaqi/nas13130261,9000000.0,0.0,4164961.0,2147483647.0,0.12
51,/root/dev/NASChain/cache/models--luaqi--nas81205015/snapshots/6368df55ea3dc8c2366740a522e3516d5acc1c69/model.pt,6368df55ea3dc8c2366740a522e3516d5acc1c69,2024-10-27 14:54:50+00:00,2024-10-27 16:07:09,1000000.0,94.0,True,False,False,True,luaqi/nas81205015,190000000.0,0.0,4135469.0,2147483647.0,0.064
77,/root/dev/NASChain/cache/models--luaqi--nas03821181/snapshots/26d844cb2c6d49fd9274ac4633a0dc6527f091ce/model.pt,26d844cb2c6d49fd9274ac4633a0dc6527f091ce,2024-10-27 14:55:34+00:00,2024-10-27 16:11:43,200000.0,93.0,True,False,False,True,luaqi/nas03821181,22000000.0,0.0,4135472.0,2147483647.0,0.096
54,/root/.bittensor/subnets/NASChain/cache/models--gertrudishaviland2--gunk/snapshots/17174df665edcd5181e792f4be07a389cca48aed/model.pt,main,2024-10-02 15:00:01+00:00,2024-10-02 15:12:06,100000.0,92.0,True,False,False,True,gertrudishaviland2/gunk,26000000.0,0.0,3955731.0,2147483647.0,0.025
119,/root/.bittensor/subnets/NASChain/cache/models--vinningrev201--nonproteinaceous/snapshots/d56f5b303090cfabdcc632732788bb3b83e0849d/model.pt,main,2024-10-02 14:59:55+00:00,2024-10-02 15:17:54,100000.0,92.0,True,False,False,True,vinningrev201/nonproteinaceous,26000000.0,0.0,3955731.0,2147483647.0,0.025
96,/root/dev/NASChain/cache/models--aquafina001--real_nas87297947/snapshots/23ffc9a8e6aa34b4b281f4da046467f32e071f8e/model.pt,23ffc9a8e6aa34b4b281f4da046467f32e071f8e,2024-11-02 16:36:24+00:00,2024-11-02 16:42:12,500000.0,95.0,True,False,False,True,aquafina001/real_nas87297947,160000000.0,0.0,4179009.0,2147483647.0,0.104
121,/root/dev/NASChain/cache/models--rich-kid--nas1/snapshots/2c115e1c0c1918dbfb2f658f8cd17efb9c36dcb5/model.pt,2c115e1c0c1918dbfb2f658f8cd17efb9c36dcb5,2024-11-07 14:42:21+00:00,2024-11-11 08:47:32,10000.0,84.0,True,True,True,True,rich-kid/nas1,2000000.0,0.004118275606012298,4214398.0,2147483647.0,0.2
12,/root/.bittensor/subnets/NASChain/cache/models--Rich-J--nas_key1/snapshots/b7fc84ac7d3e240cb8410b38fe011a8f85cf97f9/model.pt,b7fc84ac7d3e240cb8410b38fe011a8f85cf97f9,2024-10-07 05:30:05+00:00,2024-10-07 05:32:13,50000.0,86.0,True,False,False,False,Rich-J/nas_key1,13000000.0,0.0,3988882.0,2147483647.0,0.025
33,/root/.bittensor/subnets/NASChain/cache/models--Rich-J--nas_key2/snapshots/41b56ab554f7759fa074cf86f031d3ef21a6a6ac/model.pt,41b56ab554f7759fa074cf86f031d3ef21a6a6ac,2024-10-07 05:34:12+00:00,2024-10-07 06:02:31,100000.0,90.0,True,False,False,False,Rich-J/nas_key2,25000000.0,0.0,3988903.0,2147483647.0,0.025
15,/root/dev/NASChain/cache/models--snickers3--bounty3/snapshots/8a57bd162397bda73bf3ae74b9d18d56c3a27d2d/model.pt,8a57bd162397bda73bf3ae74b9d18d56c3a27d2d,2024-10-30 10:11:18+00:00,2024-10-30 22:19:54,7000.0,80.0,True,False,False,False,snickers3/bounty3,2000000.0,0.0,4155583.0,2147483647.0,0.125
4,/root/dev/NASChain/cache/models--anhdroid--naschain_5/snapshots/2ab46cb51fcf7e10222fbf70746b73a03b4ba266/model.pt,2ab46cb51fcf7e10222fbf70746b73a03b4ba266,2024-11-05 02:41:26+00:00,2024-11-05 03:17:50,700000.0,90.0,True,False,False,False,anhdroid/naschain_5,52000000.0,0.0,4196414.0,2147483647.0,0.025
69,/root/dev/NASChain/cache/models--aquafina001--real_nas47702125/snapshots/39a2c41fe586bb5a987c56b25af4471812d4bb7f/model.pt,39a2c41fe586bb5a987c56b25af4471812d4bb7f,2024-10-26 22:05:17+00:00,2024-10-26 23:02:53,10000.0,86.0,True,False,False,True,aquafina001/real_nas47702125,4000000.0,0.0,4130429.0,2147483647.0,0.136
74,/root/dev/NASChain/cache/models--aquafina001--real_nas32991399/snapshots/1ecf179067abe927b80b9f8b6a3816f752ccb7e1/model.pt,1ecf179067abe927b80b9f8b6a3816f752ccb7e1,2024-11-02 14:42:52+00:00,2024-11-02 15:10:44,100000.0,92.0,True,False,False,True,aquafina001/real_nas32991399,11000000.0,0.0,4178442.0,2147483647.0,0.128
45,/root/dev/NASChain/cache/models--habibi1488--turkye1/snapshots/89e9ff56d6a71f23e79365efad11262e831ac420/model.pt,89e9ff56d6a71f23e79365efad11262e831ac420,2024-10-29 09:57:29+00:00,2024-10-29 10:23:17,10000.0,81.0,True,False,False,False,habibi1488/turkye1,2000000.0,0.0,4148331.0,2147483647.0,0.195
58,/root/NASChain/cache/models--Lin2es--lin-03-17/snapshots/cde595b048473bca689a51a924b5ebb9f34ae51c/model.pt,cde595b048473bca689a51a924b5ebb9f34ae51c,2024-10-17 00:23:21+00:00,2024-10-17 00:33:08,200000.0,93.0,True,False,False,True,Lin2es/lin-03-17,30000000.0,0.0,4059220.0,2147483647.0,0.025
62,/root/NASChain/cache/models--Lin2es--naschain_5/snapshots/4450269116b134777d6180a8e7a6395c58732ff2/model.pt,4450269116b134777d6180a8e7a6395c58732ff2,2024-10-18 16:27:35+00:00,2024-10-18 16:48:31,200000.0,93.0,True,False,False,True,Lin2es/naschain_5,30000000.0,0.0,4071240.0,2147483647.0,0.025
99,/root/NASChain/cache/models--Lin2es--lin-06-17/snapshots/a83c22d1f39a650064409212e2f1131a8f156667/model.pt,a83c22d1f39a650064409212e2f1131a8f156667,2024-10-17 00:20:36+00:00,2024-10-17 00:39:39,200000.0,93.0,True,False,False,True,Lin2es/lin-06-17,30000000.0,0.0,4059207.0,2147483647.0,0.025
86,/root/NASChain/cache/models--Lin2es--lin-04-17/snapshots/1ccc3c214931df12808282772b224d53ce60af33/model.pt,1ccc3c214931df12808282772b224d53ce60af33,2024-10-17 00:05:13+00:00,2024-10-18 13:53:33,200000.0,93.0,True,False,False,True,Lin2es/lin-04-17,30000000.0,0.0,4059130.0,2147483647.0,0.025
35,/root/dev/NASChain/cache/models--khanhnn55--nasd78a6c4bb946/snapshots/d5410b9affca58b048959d032a65601ccf291bda/model.pt,d5410b9affca58b048959d032a65601ccf291bda,2024-11-11 14:59:36+00:00,2024-11-11 15:12:27,100000.0,94.0,True,True,True,True,khanhnn55/nasd78a6c4bb946,29000000.0,0.05253968325388239,4243204.0,2147483647.0,0.132
56,/root/dev/NASChain/cache/models--urmom1--45352/snapshots/e4abf9b1b14552d649a359b933f651a68c988cb9/model.pt,e4abf9b1b14552d649a359b933f651a68c988cb9,2024-10-30 14:22:25+00:00,2024-10-30 22:24:21,20000.0,84.0,True,True,True,True,urmom1/45352,1000000.0,0.004101956890565143,4156828.0,2147483647.0,0.095
63,/root/dev/NASChain/cache/models--snickers1--1337/snapshots/d1f6ac63901e76275c6a8b0f011ed4ca5c71ecd9/model.pt,d1f6ac63901e76275c6a8b0f011ed4ca5c71ecd9,2024-10-24 21:26:41+00:00,2024-10-25 00:34:45,40000.0,89.0,True,False,False,True,snickers1/1337,5000000.0,0.0,4115905.0,2147483647.0,0.195
72,/root/dev/NASChain/cache/models--khanhnn55--nasd452f92007c0/snapshots/82b7c2a96866e221a1078323dc11499410cb6401/model.pt,82b7c2a96866e221a1078323dc11499410cb6401,2024-11-04 12:12:09+00:00,2024-11-04 12:22:51,20000.0,86.0,True,True,True,True,khanhnn55/nasd452f92007c0,2000000.0,0.006975764698700443,4192067.0,2147483647.0,0.126
31,/root/dev/NASChain/cache/models--aquafina001--real_nas96941611/snapshots/df894eab6fe1d14958f4996512b42ddfa8d8ecfa/model.pt,df894eab6fe1d14958f4996512b42ddfa8d8ecfa,2024-10-29 01:15:57+00:00,2024-10-29 04:35:27,400000.0,95.0,True,False,False,True,aquafina001/real_nas96941611,170000000.0,0.0,4145726.0,2147483647.0,0.112
21,/root/dev/NASChain/cache/models--mimir1--thegiant1/snapshots/b5e4aa25c8cb222a3dfef504f5251908f02d0b37/model.pt,b5e4aa25c8cb222a3dfef504f5251908f02d0b37,2024-10-24 22:29:20+00:00,2024-10-25 00:28:16,30000.0,90.0,True,False,False,True,mimir1/thegiant1,7000000.0,0.0,4116218.0,2147483647.0,0.185
38,/root/dev/NASChain/cache/models--buttdestroyer1--uranus7/snapshots/717ad4ac4f0bdd5b6cee1b0451bf9d71e59bb357/model.pt,717ad4ac4f0bdd5b6cee1b0451bf9d71e59bb357,2024-10-30 14:52:30+00:00,2024-10-30 22:22:07,10000.0,83.0,True,True,True,True,buttdestroyer1/uranus7,1000000.0,0.00316174279979204,4156974.0,2147483647.0,0.12
70,/root/dev/NASChain/cache/models--khanhnn55--nas951a0b828671/snapshots/c3db2e6b9ffeeb3fe96b93677fc4901d8c107ab5/model.pt,c3db2e6b9ffeeb3fe96b93677fc4901d8c107ab5,2024-11-06 02:45:15+00:00,2024-11-06 02:58:59,200000.0,94.0,True,True,True,True,khanhnn55/nas951a0b828671,28000000.0,0.04943532125688591,4203622.0,2147483647.0,0.142
91,/root/dev/NASChain/cache/models--aquafina001--real_nas74744218/snapshots/96e3f94eee633db925343f48ac488b827a82b0d5/model.pt,96e3f94eee633db925343f48ac488b827a82b0d5,2024-11-03 07:57:07+00:00,2024-11-03 08:32:15,300000.0,95.0,True,False,False,True,aquafina001/real_nas74744218,200000000.0,0.0,4183608.0,2147483647.0,0.08
53,/root/dev/NASChain/cache/models--aquafina001--real_nas22167572/snapshots/a90edff9754d05d572120ffba9b526f17a207cdb/model.pt,a90edff9754d05d572120ffba9b526f17a207cdb,2024-11-04 06:00:20+00:00,2024-11-04 06:19:26,600000.0,95.0,True,False,False,True,aquafina001/real_nas22167572,150000000.0,0.0,4190208.0,2147483647.0,0.111
66,/root/dev/NASChain/cache/models--novak2--testing/snapshots/b628a8124d32f76a7cc82bad15f99d387b4f8cda/model.pt,b628a8124d32f76a7cc82bad15f99d387b4f8cda,2024-11-07 01:01:33+00:00,2024-11-11 08:40:51,200000.0,90.0,True,False,False,False,novak2/testing,37000000.0,0.0,4210301.0,2147483647.0,0.025
0,/root/dev/NASChain/cache/models--net31--naschainv0/snapshots/f1ba2f96e3072af047b38a10f2990df9d09bd59e/model.pt,f1ba2f96e3072af047b38a10f2990df9d09bd59e,2024-11-05 05:20:32+00:00,2024-11-05 06:05:53,7000.0,81.0,True,True,True,True,net31/naschainv0,2000000.0,0.0018539756008787928,4197210.0,2147483647.0,0.11
92,/root/dev/NASChain/cache/models--net31--naschainv92/snapshots/ade23ef54be0371f059aff1eb76fb686ae34dfc1/model.pt,ade23ef54be0371f059aff1eb76fb686ae34dfc1,2024-11-05 05:50:04+00:00,2024-11-05 10:17:08,10000.0,80.0,True,True,True,True,net31/naschainv92,800000.0,0.0014213320567234228,4197356.0,2147483647.0,0.0575
71,/root/dev/NASChain/cache/models--net31--naschainv71/snapshots/d9cfc7d707380162726569935f5469f3a574e76a/model.pt,d9cfc7d707380162726569935f5469f3a574e76a,2024-11-05 13:23:05+00:00,2024-11-05 14:07:35,6000.0,81.0,True,True,True,True,net31/naschainv71,3000000.0,0.0018507840687555371,4199615.0,2147483647.0,0.1015625
57,/root/dev/NASChain/cache/models--net31--naschainv57_24143/snapshots/261bc38b292eb2eda489b02748e50eea35edfb75/model.pt,261bc38b292eb2eda489b02748e50eea35edfb75,2024-11-05 16:40:18+00:00,2024-11-06 23:43:04,8000.0,82.0,True,True,True,True,net31/naschainv57_24143,2000000.0,0.002419029392826312,4200601.0,2147483647.0,0.126875
11,/root/dev/NASChain/cache/models--net31--naschainv11_48908/snapshots/d7c9b439314e1dd38d7ffc350a59882cb3f970ca/model.pt,d7c9b439314e1dd38d7ffc350a59882cb3f970ca,2024-11-10 13:56:59+00:00,2024-11-11 08:34:59,9000.0,84.0,True,True,True,True,net31/naschainv11_48908,4000000.0,0.004101513571370113,4235713.0,2147483647.0,0.1075
40,/root/dev/NASChain/cache/models--net31--naschainv40_10299/snapshots/bbca7106a5048914f366b10bd7887ac0bba29e1e/model.pt,bbca7106a5048914f366b10bd7887ac0bba29e1e,2024-11-08 10:56:09+00:00,2024-11-11 08:37:54,7000.0,82.0,True,True,True,True,net31/naschainv40_10299,3000000.0,0.00241486514707753,4220467.0,2147483647.0,0.13125
84,/root/dev/NASChain/cache/models--aquafina001--real_nas22923739/snapshots/8d0dd2a4270f52e4ff576b2d22fffca0bce85882/model.pt,8d0dd2a4270f52e4ff576b2d22fffca0bce85882,2024-11-07 09:17:29+00:00,2024-11-11 08:42:55,300000.0,95.0,True,True,True,True,aquafina001/real_nas22923739,160000000.0,0.04439572064897336,4212777.0,2147483647.0,0.132
6,/root/dev/NASChain/cache/models--Axel232--testing/snapshots/4f3eeb1701db4296f0c2254563916e755d6e5027/model.pt,4f3eeb1701db4296f0c2254563916e755d6e5027,2024-11-11 18:03:40+00:00,2024-11-11 18:39:03,1000000.0,81.0,True,False,False,False,Axel232/testing,7000000.0,0.0,4244124.0,2147483647.0,0.025
123,/root/dev/NASChain/cache/models--khanhnn55--nas1691c0b6ab8a/snapshots/7629faedcc357d06ae56249b68803f5e2875cbda/model.pt,7629faedcc357d06ae56249b68803f5e2875cbda,2024-10-24 07:59:03+00:00,2024-11-12 08:49:26,90000.0,92.0,True,False,False,False,khanhnn55/nas1691c0b6ab8a,15000000.0,0.0,4111867.0,2147483647.0,0.095
125,/root/dev/NASChain/cache/models--aquafina001--real_nas33197428/snapshots/01a5ae49eccc1ad8933c6e5f672a822e43db887c/model.pt,01a5ae49eccc1ad8933c6e5f672a822e43db887c,2024-11-02 17:56:19+00:00,2024-11-12 08:49:47,100000.0,93.0,True,False,False,False,aquafina001/real_nas33197428,16000000.0,0.0,4179408.0,2147483647.0,0.136
126,/root/dev/NASChain/cache/models--papagruz9--naschain_5/snapshots/fcd5acc6d049b562e4e0ec3c0f2984bfd4cd3917/model.pt,fcd5acc6d049b562e4e0ec3c0f2984bfd4cd3917,2024-10-07 18:42:53+00:00,2024-11-12 08:50:14,40000.0,81.0,True,False,False,False,papagruz9/naschain_5,5000000.0,0.0,3992839.0,2147483647.0,0.025
127,/root/dev/NASChain/cache/models--khanhnn55--nas5e5663ab76f7/snapshots/652f3942241d62548ead4796cffc97435f1662da/model.pt,652f3942241d62548ead4796cffc97435f1662da,2024-11-09 15:43:54+00:00,2024-11-12 08:50:24,50000.0,92.0,True,True,True,True,khanhnn55/nas5e5663ab76f7,11000000.0,0.03319052602090163,4229089.0,2147483647.0,0.127
128,/root/dev/NASChain/cache/models--hungkvbn--128hk6v1/snapshots/0fb434105c00df050c223ce9aa5d41bbfeb2a992/model.pt,0fb434105c00df050c223ce9aa5d41bbfeb2a992,2024-08-20 15:10:58+00:00,2024-11-12 08:50:46,300000.0,86.0,True,False,False,False,hungkvbn/128hk6v1,6000000.0,0.0,3647905.0,2147483647.0,0.025
130,/root/dev/NASChain/cache/models--papagruz5--naschain_5/snapshots/7cc46ce253d23ef94d04bae6b1f657c7a318832d/model.pt,7cc46ce253d23ef94d04bae6b1f657c7a318832d,2024-10-07 18:39:06+00:00,2024-11-12 08:51:15,40000.0,80.0,True,False,False,False,papagruz5/naschain_5,5000000.0,0.0,3992820.0,2147483647.0,0.025
132,/root/dev/NASChain/cache/models--net31--naschainv132/snapshots/fc2ecd34e47164e3eb7ac62bc1687d35c160bfea/model.pt,fc2ecd34e47164e3eb7ac62bc1687d35c160bfea,2024-10-31 14:24:00+00:00,2024-11-12 08:51:49,6000.0,80.0,True,True,True,True,net31/naschainv132,2000000.0,0.0014209110227627057,4164001.0,2147483647.0,0.06
135,/root/dev/NASChain/cache/models--summertime0--nashk5/snapshots/1699e3e421c54fa52c6a11b15ee1f5f8e4d5c5d1/model.pt,1699e3e421c54fa52c6a11b15ee1f5f8e4d5c5d1,2024-10-01 07:51:37+00:00,2024-11-12 08:52:11,90000.0,90.0,True,False,False,False,summertime0/nashk5,20000000.0,0.0,3946391.0,2147483647.0,0.025
138,/root/dev/NASChain/cache/models--impossibleexchange--nas3/snapshots/e6771fc8686a3545f893958ab08412beaa111793/model.pt,e6771fc8686a3545f893958ab08412beaa111793,2024-08-03 17:18:29+00:00,2024-11-12 08:52:31,1000000.0,81.0,True,False,False,False,impossibleexchange/nas3,7000000.0,0.0,3528031.0,2147483647.0,0.025
144,/root/dev/NASChain/cache/models--papagruz1--naschain_5/snapshots/54d2af3315ca87735bf0c2b7a11d70ff038fd949/model.pt,54d2af3315ca87735bf0c2b7a11d70ff038fd949,2024-09-22 17:40:11+00:00,2024-11-12 08:52:58,300000.0,90.0,True,False,False,False,papagruz1/naschain_5,33000000.0,0.0,3884556.0,2147483647.0,0.025
147,/root/dev/NASChain/cache/models--aquafina001--real_nas85863788/snapshots/d691a9794ed9e9b6a55802db80aad604ddccf0de/model.pt,ced12a16514d82c02875ef1c0d78ffd4463d61b4,2024-11-01 04:53:57+00:00,2024-11-12 08:53:17,70000.0,92.0,True,False,False,False,aquafina001/real_nas85863788,12000000.0,0.0,4168351.0,2147483647.0,0.081
148,/root/dev/NASChain/cache/models--net31--naschainv148/snapshots/e8d08c302cefe0d07305f1d6f6c930cc6710c7a7/model.pt,e8d08c302cefe0d07305f1d6f6c930cc6710c7a7,2024-11-04 06:37:05+00:00,2024-11-12 08:53:42,10000.0,81.0,True,True,True,True,net31/naschainv148,900000.0,0.001855261421050753,4190392.0,2147483647.0,0.095
160,/root/dev/NASChain/cache/models--aquafina001--real_nas60947452/snapshots/9709eb9552c6dc91b4255109146dae505b9bcb4c/model.pt,9709eb9552c6dc91b4255109146dae505b9bcb4c,2024-10-27 18:35:02+00:00,2024-11-12 08:54:50,300000.0,94.0,True,False,False,False,aquafina001/real_nas60947452,46000000.0,0.0,4136570.0,2147483647.0,0.096
164,/root/dev/NASChain/cache/models--Lin2es--lin-02-17/snapshots/b4e60b07b06bff2a9170fbeafbfccb3d7ad82bd2/model.pt,b4e60b07b06bff2a9170fbeafbfccb3d7ad82bd2,2024-10-17 00:23:13+00:00,2024-11-12 08:55:34,200000.0,93.0,True,False,False,False,Lin2es/lin-02-17,30000000.0,0.0,4059220.0,2147483647.0,0.025
166,/root/dev/NASChain/cache/models--papagruz3--naschain_5/snapshots/f322ef08103838a4bf0ff899f5e45a7a777e1aa6/model.pt,f322ef08103838a4bf0ff899f5e45a7a777e1aa6,2024-10-07 18:39:01+00:00,2024-11-12 08:55:52,40000.0,79.0,True,False,False,False,papagruz3/naschain_5,5000000.0,0.0,3992820.0,2147483647.0,0.025
169,/root/dev/NASChain/cache/models--aquafina001--real_nas88905863/snapshots/5a80ce973b7155819bfbd8cfb023ea7b1a968038/model.pt,5a80ce973b7155819bfbd8cfb023ea7b1a968038,2024-11-03 22:57:48+00:00,2024-11-12 08:56:08,40000.0,91.0,True,False,False,True,aquafina001/real_nas88905863,8000000.0,0.0,4188109.0,2147483647.0,0.108
171,/root/dev/NASChain/cache/models--luaqi--nas24943540/snapshots/0c94153323ab4d5797131f137da384d736eb9b27/model.pt,0c94153323ab4d5797131f137da384d736eb9b27,2024-10-31 13:13:53+00:00,2024-11-12 08:56:34,200000.0,94.0,True,False,False,False,luaqi/nas24943540,33000000.0,0.0,4163650.0,2147483647.0,0.112
172,/root/dev/NASChain/cache/models--papagruz10--naschain_5/snapshots/d62cf0a60f9abb7f9ed18bb40dde716867ae7ad5/model.pt,d62cf0a60f9abb7f9ed18bb40dde716867ae7ad5,2024-10-07 18:45:42+00:00,2024-11-12 08:56:55,40000.0,81.0,True,False,False,False,papagruz10/naschain_5,5000000.0,0.0,3992853.0,2147483647.0,0.025
174,/root/dev/NASChain/cache/models--papagruz2--naschain_5/snapshots/2c7701a0cf4918d2ed4035f277adfd45bad14839/model.pt,2c7701a0cf4918d2ed4035f277adfd45bad14839,2024-10-07 18:37:14+00:00,2024-11-12 08:57:08,40000.0,79.0,True,False,False,False,papagruz2/naschain_5,5000000.0,0.0,3992811.0,2147483647.0,0.025
176,/root/dev/NASChain/cache/models--Lin2es--lin-05-17/snapshots/e6bba4152499b0e50014dc4fbc1dc0d9544e9efd/model.pt,e6bba4152499b0e50014dc4fbc1dc0d9544e9efd,2024-10-17 00:21:56+00:00,2024-11-12 08:57:21,200000.0,93.0,True,False,False,False,Lin2es/lin-05-17,30000000.0,0.0,4059213.0,2147483647.0,0.025
180,/root/dev/NASChain/cache/models--NASJesus--dylr87/snapshots/da0e37a49b8bbfc0b9b81651891c4df6b48fced5/model.pt,da0e37a49b8bbfc0b9b81651891c4df6b48fced5,2024-10-21 19:27:18+00:00,2024-11-12 08:57:45,20000.0,87.0,True,False,False,False,NASJesus/dylr87,5000000.0,0.0,4093712.0,2147483647.0,0.09
182,/root/dev/NASChain/cache/models--impossibleexchange--nas4/snapshots/f3541edf994b4217dc6d58683a3784db182c2c12/model.pt,f3541edf994b4217dc6d58683a3784db182c2c12,2024-08-03 17:51:28+00:00,2024-11-12 08:58:13,1000000.0,82.0,True,False,False,False,impossibleexchange/nas4,7000000.0,0.0,3528196.0,2147483647.0,0.025
187,/root/dev/NASChain/cache/models--maxxx-power--naschainv96/snapshots/31e7ee1353982cc18b8f5c2667e4adfa26316cf2/model.pt,31e7ee1353982cc18b8f5c2667e4adfa26316cf2,2024-11-11 22:58:10+00:00,2024-11-12 08:58:35,20000.0,86.0,True,False,False,False,maxxx-power/naschainv96,4000000.0,0.0,4245579.0,2147483647.0,0.11
188,/root/dev/NASChain/cache/models--impossibleexchange--nas5/snapshots/281a20809f3a46ca1c88594c11bc101cc7a69bd1/model.pt,281a20809f3a46ca1c88594c11bc101cc7a69bd1,2024-08-03 17:58:40+00:00,2024-11-12 08:58:44,1000000.0,82.0,True,False,False,False,impossibleexchange/nas5,7000000.0,0.0,3528232.0,2147483647.0,0.025
189,/root/dev/NASChain/cache/models--honghee1--naschain_5/snapshots/c2ed12fe8518a9ff44f9a8b022a2886efaa61125/model.pt,c2ed12fe8518a9ff44f9a8b022a2886efaa61125,2024-09-27 05:09:02+00:00,2024-11-12 08:58:51,60000.0,87.0,True,False,False,False,honghee1/naschain_5,8000000.0,0.0,3916785.0,2147483647.0,0.025
190,/root/dev/NASChain/cache/models--papagruz11--naschain_5/snapshots/5e5caf9dab78204dfbc6f2e23dd04c199d6d51ff/model.pt,5e5caf9dab78204dfbc6f2e23dd04c199d6d51ff,2024-09-22 17:58:44+00:00,2024-11-12 08:59:02,300000.0,85.0,True,False,False,False,papagruz11/naschain_5,33000000.0,0.0,3884649.0,2147483647.0,0.025
194,/root/dev/NASChain/cache/models--bazooka-gh--bazooka4v1/snapshots/d7b64cb9eb9cb44642536549bafb781e25f62eb1/model.pt,d7b64cb9eb9cb44642536549bafb781e25f62eb1,2024-08-20 15:11:11+00:00,2024-11-12 08:59:25,40000.0,76.0,True,False,False,False,bazooka-gh/bazooka4v1,1000000.0,0.0,3647906.0,2147483647.0,0.025
204,/root/dev/NASChain/cache/models--buttdestroyer1--uranus22/snapshots/48911d5f5eb4130e40040745a6c6fd36e2e565a8/model.pt,48911d5f5eb4130e40040745a6c6fd36e2e565a8,2024-11-04 22:14:03+00:00,2024-11-12 09:00:10,10000.0,87.0,True,False,False,True,buttdestroyer1/uranus22,5000000.0,0.0,4195077.0,2147483647.0,0.12
205,/root/dev/NASChain/cache/models--sontq--naschain/snapshots/c98b3972ed6c916a314410f7265670ea9e8ee8bb/model.pt,c98b3972ed6c916a314410f7265670ea9e8ee8bb,2024-07-13 18:03:11+00:00,2024-11-12 09:00:31,600000.0,88.0,True,False,False,False,sontq/naschain,53000000.0,0.0,3378222.0,2147483647.0,0.025
207,/root/dev/NASChain/cache/models--aquafina001--real_nas72430110/snapshots/53c7ea3c060e06f904dd743afac9fed644072acf/model.pt,53c7ea3c060e06f904dd743afac9fed644072acf,2024-10-31 19:46:28+00:00,2024-11-12 09:00:56,40000.0,91.0,True,False,False,False,aquafina001/real_nas72430110,9000000.0,0.0,4165613.0,2147483647.0,0.12
208,/root/dev/NASChain/cache/models--summertime0--nashk1/snapshots/358ed3bc08d5692022cf519c3152738b919f0a87/model.pt,358ed3bc08d5692022cf519c3152738b919f0a87,2024-09-21 15:51:36+00:00,2024-11-12 09:01:20,20000.0,83.0,True,False,False,False,summertime0/nashk1,3000000.0,0.0,3876814.0,2147483647.0,0.025
215,/root/dev/NASChain/cache/models--mimir2--thegiant2/snapshots/69010fac3f11d4d39d024634d81c4acdef73b3c4/model.pt,69010fac3f11d4d39d024634d81c4acdef73b3c4,2024-10-25 19:52:10+00:00,2024-11-12 09:02:00,8000.0,80.0,True,False,False,False,mimir2/thegiant2,2000000.0,0.0,4122580.0,2147483647.0,0.14
216,/root/dev/NASChain/cache/models--therice2024--naschain/snapshots/e683cbf95a5af17e7ab07eddfdbec73db9b8f637/model.pt,e683cbf95a5af17e7ab07eddfdbec73db9b8f637,2024-06-29 03:57:43+00:00,2024-11-12 09:02:10,1000000.0,81.0,True,False,False,False,therice2024/naschain,7000000.0,0.0,3281772.0,2147483647.0,0.025
220,/root/dev/NASChain/cache/models--buttdestroyer2--uranus12/snapshots/995e1c31adf883ff4661456f2743316a5b5b60ff/model.pt,995e1c31adf883ff4661456f2743316a5b5b60ff,2024-10-31 15:39:41+00:00,2024-11-12 09:02:29,20000.0,89.0,True,False,False,True,buttdestroyer2/uranus12,5000000.0,0.0,4164379.0,2147483647.0,0.185
222,/root/dev/NASChain/cache/models--buttdestroyer1--uranus18/snapshots/f512eb290bacc94fae9126d469dd9f52a9796209/model.pt,f512eb290bacc94fae9126d469dd9f52a9796209,2024-11-03 18:06:33+00:00,2024-11-12 09:02:49,8000.0,83.0,True,True,True,True,buttdestroyer1/uranus18,3000000.0,0.0031508665851499988,4186654.0,2147483647.0,0.1
223,/root/dev/NASChain/cache/models--mscheny--naschain_jgv/snapshots/b9582494dbc8ddc06870503879ebf77cfb428954/model.pt,b9582494dbc8ddc06870503879ebf77cfb428954,2024-08-16 08:34:31+00:00,2024-11-12 09:03:02,90000.0,86.0,True,False,False,False,mscheny/naschain_jgv,8000000.0,0.0,3669851.0,2147483647.0,0.025
225,/root/dev/NASChain/cache/models--mscheny--naschain_awe/snapshots/05283c3c84ffd7a6768a500c1fa511e411fc9214/model.pt,05283c3c84ffd7a6768a500c1fa511e411fc9214,2024-08-14 07:59:41+00:00,2024-11-12 09:03:17,60000.0,87.0,True,False,False,False,mscheny/naschain_awe,10000000.0,0.0,3669839.0,2147483647.0,0.025
227,/root/dev/NASChain/cache/models--bazooka-gh--bazooka2v1/snapshots/3b7c4944b9a995e052c0a5234cb4bd79260b2a5c/model.pt,3b7c4944b9a995e052c0a5234cb4bd79260b2a5c,2024-08-16 15:25:29+00:00,2024-11-12 09:03:30,90000.0,86.0,True,False,False,False,bazooka-gh/bazooka2v1,8000000.0,0.0,3619318.0,2147483647.0,0.025
228,/root/dev/NASChain/cache/models--khanhnn55--nas586f13a0ead5/snapshots/1328595ff00004131f93264925c9b113c2614f59/model.pt,1328595ff00004131f93264925c9b113c2614f59,2024-11-12 20:30:44+00:00,2024-11-12 20:34:27,40000.0,91.0,True,True,True,True,khanhnn55/nas586f13a0ead5,7000000.0,0.02582507267667912,4252027.0,2147483647.0,0.098
229,/root/dev/NASChain/cache/models--NASJesus--dylr83_1_2_prime/snapshots/deddb4afc5b238fc09132b0eef7d934fcd4a1afa/model.pt,deddb4afc5b238fc09132b0eef7d934fcd4a1afa,2024-10-23 16:04:34+00:00,2024-11-12 09:04:05,10000.0,83.0,True,False,False,False,NASJesus/dylr83_1_2_prime,2000000.0,0.0,4107096.0,2147483647.0,0.245
230,/root/dev/NASChain/cache/models--nasgod01--nasd2b97003fd5d/snapshots/7c071ffb5d63325ea66180d8f34ddf8368d59721/model.pt,7c071ffb5d63325ea66180d8f34ddf8368d59721,2024-11-04 08:12:11+00:00,2024-11-12 09:04:17,30000.0,90.0,True,True,True,True,nasgod01/nasd2b97003fd5d,6000000.0,0.019952622754842195,4190868.0,2147483647.0,0.147
231,/root/dev/NASChain/cache/models--khanhnn55--nas2521fa211def/snapshots/759737ac954e3267db1a15bf5fabbf3f6b17591e/model.pt,759737ac954e3267db1a15bf5fabbf3f6b17591e,2024-11-12 11:18:06+00:00,2024-11-12 17:21:34,20000.0,89.0,True,True,True,True,khanhnn55/nas2521fa211def,4000000.0,0.015451883428077948,4249265.0,2147483647.0,0.139
232,/root/dev/NASChain/cache/models--nasgod01--nas356b3f1444e5/snapshots/37bbb92ea3c9060e453a7b56175796ef52998756/model.pt,37bbb92ea3c9060e453a7b56175796ef52998756,2024-11-07 06:59:06+00:00,2024-11-12 09:05:10,500000.0,95.0,True,True,True,True,nasgod01/nas356b3f1444e5,130000000.0,0.04198408817547298,4212088.0,2147483647.0,0.134
233,/root/dev/NASChain/cache/models--nasgod01--nas8dd220ca5046/snapshots/df0ed3a3cc05615f2ace4fa08d56ed179c4acf17/model.pt,df0ed3a3cc05615f2ace4fa08d56ed179c4acf17,2024-11-11 09:28:37+00:00,2024-11-12 09:05:35,80000.0,93.0,True,True,True,True,nasgod01/nas8dd220ca5046,16000000.0,0.04202126375572989,4241555.0,2147483647.0,0.13
234,/root/dev/NASChain/cache/models--nasgod01--nas3868fd59eb61/snapshots/4a829ac04d4ec9f9316b7ac5f77345decf7ac04a/model.pt,4a829ac04d4ec9f9316b7ac5f77345decf7ac04a,2024-11-03 17:50:50+00:00,2024-11-12 09:06:01,50000.0,91.0,True,False,False,True,nasgod01/nas3868fd59eb61,7000000.0,0.0,4186575.0,2147483647.0,0.126
236,/root/dev/NASChain/cache/models--nasgod01--nas10c79680a92a/snapshots/fc30a36323af65a956a124f0a7d89121b3cd48e2/model.pt,fc30a36323af65a956a124f0a7d89121b3cd48e2,2024-11-09 17:18:47+00:00,2024-11-12 09:06:29,60000.0,92.0,True,True,True,True,nasgod01/nas10c79680a92a,10000000.0,0.033059008171808256,4229564.0,2147483647.0,0.109
237,/root/dev/NASChain/cache/models--Xrunner--naschain/snapshots/bdbb5edf8afa0d3d1485b418ddf0647ef4432353/model.pt,bdbb5edf8afa0d3d1485b418ddf0647ef4432353,2024-08-28 18:51:28+00:00,2024-11-12 09:06:52,60000.0,71.0,True,False,False,False,Xrunner/naschain,700000.0,0.0,3706215.0,2147483647.0,0.025
238,/root/dev/NASChain/cache/models--bazooka-gh--bazooka5v1/snapshots/375a6a83e71c716630ee95e9586fd3c0b95c0a37/model.pt,375a6a83e71c716630ee95e9586fd3c0b95c0a37,2024-08-15 03:50:56+00:00,2024-11-12 09:06:59,70000.0,86.0,True,False,False,False,bazooka-gh/bazooka5v1,7000000.0,0.0,3608679.0,2147483647.0,0.025
239,/root/dev/NASChain/cache/models--NASJesus--firstdylrtest/snapshots/cb1d40d0a70f9f675a7323f01b670ea6bb37c4df/model.pt,cb1d40d0a70f9f675a7323f01b670ea6bb37c4df,2024-10-21 17:30:23+00:00,2024-11-12 09:07:10,30000.0,89.0,True,False,False,False,NASJesus/firstdylrtest,6000000.0,0.0,4093128.0,2147483647.0,0.18
241,/root/dev/NASChain/cache/models--khanhnn55--nas6bf69b0b33ae/snapshots/dd27a70e974617f11e63277f890f1d9167857b60/model.pt,dd27a70e974617f11e63277f890f1d9167857b60,2024-11-10 13:57:15+00:00,2024-11-12 09:07:30,70000.0,93.0,True,True,True,True,khanhnn55/nas6bf69b0b33ae,18000000.0,0.04208917685129214,4235714.0,2147483647.0,0.112
242,/root/dev/NASChain/cache/models--NASJesus--dylr85_1_3/snapshots/84375fafacaed654faccf64cb0033510a07a19ed/model.pt,84375fafacaed654faccf64cb0033510a07a19ed,2024-10-21 20:50:00+00:00,2024-11-12 09:07:55,10000.0,85.0,True,True,True,True,NASJesus/dylr85_1_3,3000000.0,0.005364191536449928,4094126.0,2147483647.0,0.196
244,/root/dev/NASChain/cache/models--khanhnn55--nas15e3f4724f61/snapshots/280f06b9b51ab2000ce6db29ef75605ce7de3ea1/model.pt,280f06b9b51ab2000ce6db29ef75605ce7de3ea1,2024-11-12 15:11:39+00:00,2024-11-12 17:23:55,10000.0,87.0,True,True,True,True,khanhnn55/nas15e3f4724f61,4000000.0,0.009122313801761985,4250433.0,2147483647.0,0.097
245,/root/dev/NASChain/cache/models--NASJesus--dylr93_2_29/snapshots/766940312c8cbb96e5dfded8b22f2a1cf29baf14/model.pt,766940312c8cbb96e5dfded8b22f2a1cf29baf14,2024-10-22 07:28:04+00:00,2024-11-12 09:08:45,200000.0,93.0,True,False,False,False,NASJesus/dylr93_2_29,29000000.0,0.0,4097315.0,2147483647.0,0.1
246,/root/dev/NASChain/cache/models--NASJesus--dylr83_1_2/snapshots/b615d2b2f99509ae5e5f4b4902ea011105cdddf5/model.pt,b615d2b2f99509ae5e5f4b4902ea011105cdddf5,2024-10-23 15:55:34+00:00,2024-11-12 09:09:05,10000.0,83.0,True,False,False,False,NASJesus/dylr83_1_2,2000000.0,0.0,4107051.0,2147483647.0,0.19
247,/root/dev/NASChain/cache/models--NASJesus--84_312ping/snapshots/ec5ab6a531b82c3dd55bc8ce2e9d6cd9a1aa691b/model.pt,ec5ab6a531b82c3dd55bc8ce2e9d6cd9a1aa691b,2024-10-09 04:22:03+00:00,2024-11-12 09:09:16,10000.0,84.0,True,False,False,False,NASJesus/84_312ping,4000000.0,0.0,4002927.0,2147483647.0,0.025
248,/root/dev/NASChain/cache/models--pva1987--naschain_5/snapshots/e813054672c031849cb1894c3c8dd6545a70234d/model.pt,e813054672c031849cb1894c3c8dd6545a70234d,2024-09-10 14:42:53+00:00,2024-11-12 09:09:34,40000.0,82.0,True,False,False,False,pva1987/naschain_5,6000000.0,0.0,3797288.0,2147483647.0,0.025
249,/root/dev/NASChain/cache/models--sub31--test1/snapshots/be88b25492306c5cbd82d242c04cd35941c56801/model.pt,be88b25492306c5cbd82d242c04cd35941c56801,2024-10-28 04:57:45+00:00,2024-11-12 09:09:43,70000.0,83.0,True,False,False,False,sub31/test1,2000000.0,0.0,4139682.0,2147483647.0,0.025
252,/root/dev/NASChain/cache/models--FavoritCoin--naschain_5/snapshots/33267fce351f4187900287d5a347e3dee06cfaf3/model.pt,33267fce351f4187900287d5a347e3dee06cfaf3,2024-09-12 15:04:08+00:00,2024-11-12 09:10:02,200000.0,86.0,True,False,False,False,FavoritCoin/naschain_5,27000000.0,0.0,3811790.0,2147483647.0,0.025
253,/root/dev/NASChain/cache/models--henuzzz--naschain_5/snapshots/b2e8700a3981518ceff70230f646d8384165f8f8/model.pt,b2e8700a3981518ceff70230f646d8384165f8f8,2024-10-22 06:44:27+00:00,2024-11-12 09:10:11,90000.0,84.0,True,False,False,False,henuzzz/naschain_5,15000000.0,0.0,4097097.0,2147483647.0,0.025
254,/root/dev/NASChain/cache/models--NASJesus--dylr86_2_4/snapshots/e1863f9766e38278fa24ffdb83703ed1e4917820/model.pt,e1863f9766e38278fa24ffdb83703ed1e4917820,2024-10-21 21:28:32+00:00,2024-11-12 09:10:18,20000.0,86.0,True,False,False,False,NASJesus/dylr86_2_4,4000000.0,0.0,4094318.0,2147483647.0,0.09
200,/root/dev/NASChain/cache/models--khanhnn55--nas77d65c56e948/snapshots/0112cee11f0c15034c1c1092d8f0e4ee8988dc82/model.pt,0112cee11f0c15034c1c1092d8f0e4ee8988dc82,2024-11-13 23:28:12+00:00,2024-11-14 00:05:30,30000.0,91.0,True,True,True,True,khanhnn55/nas77d65c56e948,9000000.0,0.025866810132239435,4260040.0,2147483647.0,0.166
24,/root/dev/NASChain/cache/models--net31--naschainv24_25426/snapshots/91488f6ea5f74d48909853571489d06074d8b8d6/model.pt,91488f6ea5f74d48909853571489d06074d8b8d6,2024-11-15 17:36:55+00:00,2024-11-15 17:56:30,40000.0,87.0,True,True,True,True,net31/naschainv24_25426,2000000.0,0.008993092662481206,4272647.0,2147483647.0,0.1
75,/root/dev/NASChain/cache/models--cyka-blyat--too-richs-kid/snapshots/0db1042f5f89ec919b15d5f0e16940f67588c60c/model.pt,0db1042f5f89ec919b15d5f0e16940f67588c60c,2024-11-17 12:13:17+00:00,2024-11-17 13:10:11,10000.0,84.0,True,False,False,True,cyka-blyat/too-richs-kid,3000000.0,0.0,4285330.0,2147483647.0,0.1
156,/root/dev/NASChain/cache/models--cyka-blyat--too-rich-kid/snapshots/aa663a3af54e06b906323ecbfed5ac43f0f00e25/model.pt,aa663a3af54e06b906323ecbfed5ac43f0f00e25,2024-11-18 14:40:50+00:00,2024-11-18 14:58:35,10000.0,83.0,True,False,False,True,cyka-blyat/too-rich-kid,3000000.0,0.0,4293242.0,2147483647.0,0.15
87,/root/dev/NASChain/cache/models--cyka-blyat--too-rich-kids/snapshots/dd09c1c53c40f1758ae5ae7251dfc2aef2533129/model.pt,dd09c1c53c40f1758ae5ae7251dfc2aef2533129,2024-11-18 14:30:04+00:00,2024-11-18 14:50:41,10000.0,81.0,True,False,False,True,cyka-blyat/too-rich-kids,3000000.0,0.0,4293191.0,2147483647.0,0.14
139,/root/dev/NASChain/cache/models--NASassin--naschainv01/snapshots/1fb8d15eb352dde4026e15d1e68ca710238e4a9a/model.pt,1fb8d15eb352dde4026e15d1e68ca710238e4a9a,2024-11-18 12:52:35+00:00,2024-11-18 13:28:47,40000.0,89.0,True,False,False,False,NASassin/naschainv01,6000000.0,0.0,4292720.0,2147483647.0,0.15239
